Date,PG,^GSPC,MSFT,AAPL,AC.TO,SU,BA,WMT,TD,ABT
2018-04-02,72.84094238,2581.879883,85.91396332,162.0588074,26.30999947,30.81859779,308.7998657,82.03305054,50.84676361,56.25974655
2018-04-03,73.83850861,2614.449951,87.06892395,163.7214203,26.28000069,31.39336205,316.8254089,83.23166656,50.72019196,57.02327728
2018-04-04,74.39374542,2644.689941,89.61180115,166.8521423,26.35000038,31.46635628,313.5883789,83.63439178,50.67498016,57.46786499
2018-04-05,74.15847778,2662.840088,89.6603241,168.0091248,25.87999916,32.98995209,322.1693115,84.20013428,51.21744919,57.85446548
2018-04-06,73.81025696,2604.469971,87.57362366,163.7117004,25.80999947,32.94433594,312.3242188,83.12618256,50.51224136,55.64119339
2018-04-09,73.55618286,2613.159912,88.09771729,165.3353882,25.40999985,33.02644348,308.8381653,82.7330246,51.12534332,56.26941299
2018-04-10,73.75380707,2656.870117,90.14559937,168.4466705,25.36000061,33.51910782,320.665741,82.8960495,51.41817093,57.15858078
2018-04-11,73.65969849,2642.189941,89.15563202,167.6591187,25,34.29459,313.5117493,82.37825012,51.13449478,56.49170685
2018-04-12,73.20796967,2663.98999,90.82499695,169.3119965,24.95999908,34.21247482,323.2036438,81.91798401,51.08874512,57.13265991
2018-04-13,73.75380707,2656.300049,90.33971405,169.8856049,24.75,34.5500412,315.3505249,82.48371887,50.7318573,56.80247116
2018-04-16,73.97966766,2677.840088,91.39762878,170.9454193,25.19000053,34.23984146,317.7351685,83.27000427,50.77761841,57.55997086
2018-04-17,73.81025696,2706.389893,93.24168396,173.2983093,25.81999969,34.54091644,322.4757996,84.28643799,51.00638199,58.07468033
2018-04-18,73.59381866,2708.639893,93.60079956,172.9093933,26.23999977,35.12480545,326.5747681,83.97000885,50.70440674,57.80276108
2018-04-19,71.1881485,2693.129883,93.28050995,168.0091248,25.70999908,35.0062027,326.230011,84.27685547,50.21942139,58.15237045
2018-04-20,70.09586334,2670.139893,92.20318604,161.125412,25.81999969,34.8967247,324.3432922,83.40426636,50.3658371,57.48227692
2018-04-23,69.33601379,2670.290039,92.5428772,160.6587524,25.71999931,34.74163437,324.5061035,82.56044006,50.3658371,57.14237976
2018-04-24,68.8611145,2634.560059,90.37853241,158.4225159,25.60000038,34.70513153,315.139801,82.97276306,50.68610382,56.6276741
2018-04-25,68.67115784,2639.399902,89.59238434,159.1128082,25.11000061,34.94234467,328.3560181,83.58644867,50.81422043,56.95786285
2018-04-26,69.09855652,2666.939941,91.48497772,159.6670074,24.76000023,35.24341202,328.289032,84.32479858,51.25345612,57.78333664
2018-04-27,69.1555481,2669.909912,92.99905396,157.8196869,25.01000023,34.5135498,326.4598083,83.7015152,51.38157272,57.84160614
2018-04-30,68.70913696,2648.050049,90.76675415,160.6781769,25.23999977,34.87847519,319.4494629,84.82341766,51.38157272,56.45286179
2018-05-01,68.34820557,2654.800049,92.20318604,164.4116974,25.09000015,34.7872467,315.5995483,83.81658936,51.46392822,57.12295532
2018-05-02,67.37940216,2635.669922,90.75706482,171.6746216,24.80999947,34.65039444,310.4758606,82.79057312,51.71099091,56.18093872
2018-05-03,67.77832031,2629.72998,91.30056763,171.985733,24.14999962,34.74163437,316.7008667,82.68510437,51.67438889,56.25862885
2018-05-04,68.79462433,2663.419922,92.35848236,178.7333221,24.04999924,35.02444839,320.2826538,83.93164063,51.87570953,57.04526901
2018-05-07,68.36721802,2672.629883,93.38726807,180.0264587,23.95999908,35.06094742,326.0288391,81.95633698,52.07702255,57.60852432
2018-05-08,67.85431671,2671.919922,92.98934174,180.8917694,23.70999908,35.06094742,324.0559998,82.21523285,51.94891739,57.01612854
2018-05-09,68.73764038,2697.790039,94.0860672,182.165451,23.10000038,35.52622986,329.9266663,79.64540863,52.69013214,57.68622208
2018-05-10,69.47848511,2723.070068,95.02751923,184.7711487,22.88999939,36.03713989,331.1586609,79.79014587,53.32152557,58.81275558
2018-05-11,69.68744659,2727.719971,94.82369232,184.0684204,23.76000023,36.33821487,329.6090698,80.45595551,53.42219162,59.49255371
2018-05-14,69.60195923,2730.129883,95.14398956,183.6389618,23.61000061,37.54249573,331.6591492,81.4305191,53.64180756,60.23063278
2018-05-15,69.28851318,2711.449951,94.45489502,181.9699707,24.64999962,37.2687912,329.2818298,81.55596924,53.63265228,58.79333115
2018-05-16,69.8394165,2722.459961,94.69857788,183.6682281,24.69000053,37.44213104,328.1749573,83.10951233,54.06274414,59.01669312
2018-05-17,70.24783325,2720.129883,93.75305939,182.5067902,24.59000015,37.7796936,331.2259827,81.52701569,54.04444504,59.29832458
2018-05-18,69.76343536,2712.969971,93.92851257,181.8430786,24.31999969,37.37827301,338.0499268,80.70682526,53.68756104,59.92957687
2018-05-21,70.34280396,2733.01001,95.13722992,183.1314392,,37.70671463,350.2637939,81.54633331,53.86142349,60.3180275
2018-05-22,70.3143158,2724.439941,95.03975677,182.6726837,23.96999931,37.45125961,341.6977539,80.44630432,54.16339874,59.61880493
2018-05-23,70.45677948,2733.290039,96.17047882,183.8439636,23.80999947,37.1045723,345.7304993,80.09893036,53.87057495,60.05582047
2018-05-24,70.06736755,2727.76001,95.82931519,183.6389618,24.21999931,36.88560867,345.5283813,79.94452667,53.83397293,60.70648956
2018-05-25,70.5802536,2721.330078,95.87805176,184.0586548,24.46999931,35.73607254,346.5774841,79.56821442,53.95293045,60.57052994
2018-05-29,70.33331299,2689.860107,95.53687286,183.3949738,23.89999962,35.56272888,339.2530212,79.51032257,53.01955032,59.53139496
2018-05-30,71.13114929,2724.01001,96.45315552,183.0045624,23.54000092,36.61191177,344.7487793,81.16999054,53.78821564,60.27918243
2018-05-31,69.4974823,2705.27002,96.34593964,182.3896332,22.96999931,36.29259109,338.9450378,79.64540863,53.43133926,59.75477219
2018-06-01,69.76343536,2734.620117,98.24673462,185.678833,22.87999916,37.26849747,343.3339233,80.07962799,53.00124741,60.609375
2018-06-04,70.45677948,2746.870117,99.10453033,187.2307434,23.70999908,36.73451233,347.1934814,82.42440033,53.15681839,61.20177841
2018-06-05,70.25733185,2748.800049,99.61141205,188.6752472,23.5,36.05321503,346.5870972,81.65247345,53.01040268,61.21149063
2018-06-06,70.61825562,2772.350098,99.90383911,189.3291779,23.68000031,36.29259109,357.6170349,81.59457397,53.25747681,61.70677948
2018-06-07,71.95748901,2770.370117,98.33446503,188.8216705,23.18000031,37.25008392,354.7007751,81.97089386,53.28493118,61.35715866
2018-06-08,73.30621338,2779.030029,99.06552887,187.1038513,23.19000053,37.53549194,355.6343079,81.40158844,53.22086716,61.44456863
2018-06-11,73.63866425,2782,98.50017548,186.6451111,23.13999939,38.19837189,357.0203247,81.34368896,53.02870178,61.30860519
2018-06-12,73.36320496,2786.850098,98.75361633,187.6699371,23.43000031,36.98308945,356.7123413,81.15070343,53.23002243,61.10466003
2018-06-13,72.63185883,2775.629883,98.30522156,186.1278229,23.28000069,36.77133942,350.1963806,81.14105225,53.48624039,60.82302856
2018-06-14,72.1759491,2782.48999,98.86083984,186.2254333,23.18000031,36.6792717,348.8200989,80.85157776,53.24832153,61.1435051
2018-06-15,73.49616241,2779.659912,97.60338593,184.312439,23.19000053,36.06242371,344.4504089,80.76472473,52.51626205,61.09495163
2018-06-18,72.03347778,2773.75,98.31497192,184.214798,23.01000023,36.59641647,341.4281921,80.08927155,52.74502945,61.00754547
2018-06-19,72.49887848,2762.590088,98.31497192,181.2379456,23.13999939,36.39386749,328.3193359,80.67788696,52.33324432,60.54140091
2018-06-20,72.04297638,2767.320068,99.29948425,182.0285339,23.52000046,36.70689392,329.8303833,80.67788696,52.76333237,60.34716415
2018-06-21,72.60335541,2749.76001,98.58790588,181.0134583,23.47999954,36.10845947,324.9891663,81.25683594,52.93719482,59.96841431
2018-06-22,73.54366302,2754.879883,97.87632751,180.4863892,23.29999924,36.97388077,326.1922607,81.84545898,53.05615616,60.15293884
2018-06-25,73.88560486,2717.070068,95.90730286,177.8023376,22.47999954,35.62971878,318.7716064,83.43759155,52.45220184,59.01669312
2018-06-26,74.08506012,2723.060059,96.57988739,180.0081635,22.04999924,36.7805481,318.8678589,82.96477509,52.59861374,59.05553818
2018-06-27,73.7906189,2699.629883,95.07875061,179.7446289,21.18000031,36.73451233,317.4434204,83.84285736,52.03126907,58.74477005
2018-06-28,74.13256073,2716.310059,96.14123535,181.0525055,20.79000092,36.7161026,322.0921326,82.84897614,52.2600441,59.50226593
2018-06-29,74.1420517,2718.370117,96.12174988,180.6718445,21.25,37.45262909,322.9198303,82.64634705,52.94634628,59.23034668
2018-07-02,74.20852661,2726.709961,97.48641968,182.692215,,37.16722488,323.4684753,81.05420685,52.54371643,59.24005508
2018-07-03,73.99008179,2713.219971,96.55065155,179.5103912,21.31999969,37.29611969,320.436676,81.47877502,52.76333237,59.05553818
2018-07-05,75.23432922,2736.610107,97.24272919,180.954895,21,37.71962357,320.6773071,81.6042099,52.73588562,59.56053925
2018-07-06,75.32929993,2759.820068,98.60740662,183.4632721,20.92000008,37.88534927,322.0825806,81.54633331,53.0470047,60.36659241
2018-07-09,73.95207977,2784.169922,99.27998352,186.0107117,21.71999931,37.92216873,329.0893555,82.91651917,53.56543732,60.63851547
2018-07-10,75.81370544,2793.840088,99.54316711,185.7862549,21.12999916,38.41012573,334.1326294,84.15163422,53.78762817,60.99783707
2018-07-11,75.1868515,2774.02002,99.40670776,183.3754272,20.72999954,37.83010483,327.8188477,83.49549103,53.2877121,60.76476288
2018-07-12,74.9303894,2798.290039,101.5609512,186.4499054,20.90999985,38.13391876,333.0450745,83.48583221,53.72281647,61.2037468
2018-07-13,75.32929993,2801.310059,102.7696533,186.7427063,20.84000015,38.58505249,337.6264648,84.62445068,53.40805817,61.51590729
2018-07-16,75.53826141,2798.429932,102.2627716,186.3327942,20.72999954,37.96820068,342.7371826,84.56655121,53.60247803,60.26724625
2018-07-17,76.01317596,2809.550049,103.276535,186.8598328,21.45999908,37.66438293,343.4879456,85.09725952,53.42657471,61.26227188
2018-07-18,75.71872711,2815.620117,102.4674683,185.8350067,22.34000015,37.53549194,346.7122498,84.98148346,53.47286224,63.16452408
2018-07-19,75.45726776,2804.48999,101.7656479,187.2795563,22.18000031,37.55390549,341.9960938,84.64374542,53.25067139,62.21827698
2018-07-20,75.4093399,2801.830078,103.5884476,186.8501129,21.93000031,37.87613678,341.5822144,84.97182465,53.61172485,61.76954269
2018-07-23,75.24641418,2806.97998,105.2455673,187.0159912,22.04000092,37.65517807,340.0133667,84.55690002,53.48212051,61.65248108
2018-07-24,75.70645905,2820.399902,104.9433823,188.3726959,22.09000015,37.48945618,344.8257446,84.87532806,53.61172485,62.82309723
2018-07-25,76.16651154,2846.070068,108.0333862,190.1490631,22.39999962,37.52628326,342.5639343,84.81744385,54.62082672,63.63277435
2018-07-26,76.76073456,2837.439941,106.8539276,189.5536804,23.47999954,38.30884552,345.8363342,85.13586426,54.23200226,64.05223846
2018-07-27,77.2303772,2818.820068,104.9628754,186.4011383,23.40999985,38.64949799,347.1164551,85.03936768,54.4171524,63.66203308
2018-07-30,76.86616516,2802.600098,102.7111664,185.356781,24.29999924,38.91648483,337.886322,85.76306915,54.60230637,63.57424545
2018-07-31,77.51789093,2816.290039,103.4032516,185.7276459,23.53000069,38.79680252,342.9296875,86.10080719,54.78746414,63.93518829
2018-08-01,77.29747009,2813.360107,103.5982056,196.6688995,23.40999985,38.46536255,339.522583,85.14550781,54.96336365,63.19379044
2018-08-02,78.59133148,2827.219971,104.8556519,202.4176788,23.27000046,37.93138123,336.6062317,85.64728546,54.85227203,62.99869156
2018-08-03,78.90762329,2840.350098,105.313797,203.0032806,23.72999954,38.09709549,335.3646545,86.45781708,54.84301758,63.63277435
2018-08-06,79.08971405,2850.399902,105.4015198,204.0573883,,38.51139832,333.5647888,86.52536011,54.8893013,63.6425209
2018-08-07,79.2047348,2858.449951,106.1325989,202.1443787,23.78000069,37.64596939,337.5975647,86.62186432,54.33383942,63.1547699
2018-08-08,78.92678833,2857.699951,106.7272034,202.2810516,24.62999916,37.91296387,334.7294312,86.89204407,54.87078476,63.25231934
2018-08-09,78.01628876,2853.580078,106.9026566,203.8719635,23.90999985,37.87613678,332.4564209,86.38736725,55.16703796,63.05722046
2018-08-10,78.04502869,2833.280029,106.2495728,203.264679,23.48999977,37.48945618,328.2876587,87.52288818,54.59305191,62.4621582
2018-08-13,78.13128662,2821.929932,105.4794998,204.5771332,23.51000023,37.27770996,327.2720947,86.99879456,54.65785217,61.87685013
2018-08-14,77.93001556,2839.959961,106.7954407,205.4391022,23.5,37.91296387,328.0264893,88.17313385,55.35218811,62.07195282
2018-08-15,78.8788681,2818.370117,105.3472366,205.9190063,23.39999962,36.1360817,320.8883667,87.56170654,54.81523514,61.91587067
2018-08-16,80.21109772,2840.689941,105.3276596,208.9357147,23.87000084,36.55958557,334.6423645,95.73361969,55.10222626,62.58897018
2018-08-17,80.21109772,2850.129883,105.268959,213.1081238,24.01000023,37.13040161,335.048584,94.96688843,55.82433701,63.13526535
2018-08-20,80.1631546,2857.050049,104.5742188,211.031723,24.71999931,37.48945618,339.2463379,93.17139435,55.8891449,63.05722046
2018-08-21,80.41236115,2862.959961,103.703331,210.6203461,26.78000069,37.09357071,342.1770935,93.24904633,55.84285355,63.16452408
2018-08-22,79.92355347,2861.820068,104.7601166,210.6301575,26.52000046,37.78406906,338.5596313,92.85112762,56.16687775,64.06199646
2018-08-23,79.77979279,2856.97998,105.2493744,211.0611115,26.77000046,37.74724197,336.0932007,92.37555695,55.64843369,64.21808624
2018-08-24,79.89481354,2874.689941,106.0713348,211.7173309,26.81999969,38.02344513,337.9309692,92.15233612,55.77804947,64.4814682
2018-08-27,79.97148132,2896.73999,107.2455521,213.4607391,26.80999947,38.48377228,342.1480713,91.75441742,56.34277344,65.20334625
2018-08-28,80.00981903,2897.52002,107.8913879,215.1845703,27.10000038,38.17996216,339.7009583,93.23933411,56.52792358,65.15457153
2018-08-29,80.01939392,2914.040039,109.6135712,218.397171,27.04000092,38.51139832,338.7144165,92.82200623,56.86120224,65.4862442
2018-08-30,79.94271851,2901.129883,109.5450745,220.405014,26.88999939,38.48377228,335.5322266,93.26845551,56.28722763,65.37893677
2018-08-31,79.50184631,2901.52002,109.9169159,222.9515839,26.81999969,38.24232101,331.5569153,93.03553009,56.00949097,65.20334625
2018-09-04,79.26223755,2896.719971,109.3102341,223.6665955,26.54000092,37.174366,334.9035034,92.55025482,55.33367157,65.46674347
2018-09-05,79.82771301,2888.600098,106.1594009,222.2072296,26.57999992,37.174366,335.319397,93.77313995,55.77804947,64.38391876
2018-09-06,79.21431732,2878.050049,106.4040298,218.5147095,26.76000023,36.50572586,339.7590027,93.60813904,56.05578232,64.21808624
2018-09-07,78.50508118,2871.679932,105.8854218,216.7516937,26.82999992,36.24569702,337.8342285,93.00640869,55.92617035,64.58878326
2018-09-10,78.95554352,2877.129883,107.0302887,213.8427277,26.82999992,35.77207947,330.6573181,94.04488373,55.86136627,64.92045593
2018-09-11,78.60092163,2887.889893,108.8503189,219.2492981,27.32999992,35.82780457,333.9362793,93.79254913,55.87062454,64.96923065
2018-09-12,79.65519714,2888.919922,109.3102341,216.5264282,27.18000031,35.80922699,341.8288879,93.14229584,55.99097443,65.33016968
2018-09-13,79.98105621,2904.179932,110.4844513,221.7566681,26.77000046,35.60492706,343.8117371,92.31732178,56.00023651,66.8227005
2018-09-14,80.13441467,2904.97998,110.9345703,219.2394867,27.39999962,35.52134323,348.0094604,91.802948,56.04652023,66.74466705
2018-09-17,80.74780273,2888.800049,109.7309952,213.4019928,27.12999916,35.45633698,344.2953186,92.02617645,56.23167801,66.01302338
2018-09-18,80.5082016,2904.310059,110.7780075,213.7545929,27.37000084,36.72860718,351.6656189,92.61819458,56.82417297,66.73490906
2018-09-19,80.5082016,2907.949951,109.3004379,213.881897,27.37000084,36.39428329,353.2518616,92.43379211,56.81491852,66.8227005
2018-09-20,81.81166077,2930.75,111.1302795,215.5078125,27.65999985,35.97639084,355.4184875,92.9287796,57.23152161,67.10561371
2018-09-21,82.25254059,2929.669922,111.8054657,213.1865082,28.32999992,36.26427078,360.0322266,93.07434845,57.04636002,67.35923004
2018-09-24,80.7669754,2919.370117,112.2066422,216.252182,28.18000031,36.71931458,355.9311218,92.12321472,56.78714752,69.69071198
2018-09-25,79.66477203,2915.560059,111.9913559,217.6233978,27.48999977,36.03210449,355.1960144,92.29792023,56.45386505,70.43209839
2018-09-26,79.79895782,2905.969971,111.5314789,215.8897705,27.72999954,36.1249733,353.0681152,91.802948,56.36128998,71.05643463
2018-09-27,79.41558838,2914,111.9522324,220.3266602,27.53000069,36.50572586,355.350769,91.35649872,56.30574036,71.23202515
2018-09-28,79.77020264,2913.97998,111.9130859,221.1004333,27.60000038,35.92995071,359.7129517,91.14299774,56.28722763,71.56369781
2018-10-01,80.19191742,2924.590088,113.1264572,222.5892029,26.20999908,36.93291092,369.7625122,91.61854553,56.6112442,72.30509186
2018-10-02,80.85322571,2923.429932,112.6763382,224.5676727,25.95999908,36.50572586,373.7088013,92.34644318,55.96319962,72.00267029
2018-10-03,79.57852173,2925.51001,112.6959,227.3003387,25.57999992,36.88647842,379.4444885,91.29827118,55.81507874,70.27602386
2018-10-04,78.5146637,2901.610107,110.3670273,223.3041992,25.20999908,37.14650345,377.2101746,91.43413544,55.28738403,70.06141663
2018-10-05,78.73509216,2885.570068,109.7212067,219.6802216,25.40999985,36.37570953,373.805542,90.56066132,55.05594254,69.82728577
2018-10-08,78.97470856,2884.429932,108.4687042,219.1709442,,36.41285706,373.128479,91.90000153,54.8059845,69.69071198
2018-10-09,78.78302002,2880.340088,109.8484192,222.2072296,24.76000023,36.18998337,372.8092651,94.2195816,55.3209877,69.54438019
2018-10-10,78.05461884,2785.679932,103.8794632,211.913208,24.12999916,34.69483566,355.4281616,92.93848419,54.33779526,67.23241425
2018-10-11,75.59145355,2728.370117,103.6348267,210.0424805,24.12999916,33.02323914,346.3748474,91.1526947,53.29841232,66.70563507
2018-10-12,75.77355194,2767.129883,107.2162018,217.5450439,24.30999947,34.02619171,348.3093262,92.01647186,53.36396408,67.91046143
2018-10-15,76.79907227,2750.790039,105.2885132,212.8926544,24.51000023,34.18406677,347.1196899,91.05563354,53.38269043,67.29335785
2018-10-16,77.64248657,2809.919922,108.6154861,217.5842133,25.48999977,34.16549683,356.1825867,92.98699188,54.14115524,69.49728394
2018-10-17,78.45716095,2809.209961,108.3317108,216.6439667,25.64999962,33.63615799,353.5226746,93.71490479,53.9538765,68.79203796
2018-10-18,77.58422852,2768.780029,106.1691895,211.5802002,24.40999985,32.96752548,347.5742493,93.33639526,53.20478058,66.74481964
2018-10-19,84.41056824,2767.780029,106.3257599,214.8025665,24.19000053,33.17182541,344.5854797,94.28751373,52.81150436,66.20608521
2018-10-22,83.73373413,2755.879883,107.2749023,216.115036,24.17000008,32.93037415,344.3146973,94.27780914,52.53995132,67.11703491
2018-10-23,84.27519989,2740.689941,105.7777786,218.152298,24.62000084,31.99242783,338.5789795,94.91836548,52.68977737,67.16602325
2018-10-24,86.49906921,2656.100098,100.1219482,210.6693268,22.65999985,30.87802887,343.0282288,94.68543243,51.95940781,65.56939697
2018-10-25,86.05430603,2705.570068,105.9734955,215.2825165,23.84000015,31.20305824,351.8493958,96.25770569,51.90322113,66.28444672
2018-10-26,84.952034,2658.689941,104.6622772,211.8544617,24.13999939,31.46308899,347.4968262,96.02477264,51.67848969,65.61836243
2018-10-29,85.31945038,2641.25,101.619072,207.8778992,23.85000038,30.82230949,324.5928345,96.85943604,51.60358047,65.9318161
2018-10-30,86.23801422,2682.629883,101.5016556,208.9161224,23.40999985,30.76659012,338.443573,99.40224457,52.01558304,66.6076889
2018-10-31,85.74489594,2711.73999,104.5154877,214.3618469,24.97999954,30.93375397,343.2313232,97.32528687,51.93131638,67.52844238
2018-11-01,86.62476349,2740.370117,103.6446075,217.6527863,25.96999931,31.25878334,351.1723633,97.61645508,51.95940781,68.71366882
2018-11-02,86.83748627,2723.060059,103.8794632,203.2157135,26.48999977,31.16591835,346.0266724,98.35405731,52.09049988,68.75284576
2018-11-05,88.18148804,2738.310059,105.2004623,197.4467621,26.67000008,31.63024712,350.1180725,99.87780762,52.28713226,68.94874573
2018-11-06,88.48122406,2755.449951,105.4059448,199.5819855,26.34000015,31.89955521,354.4609375,100.2854385,52.277771,69.50709534
2018-11-07,88.26850128,2813.889893,109.5548553,205.6349487,26.97999954,32.65177536,359.8290405,101.246254,52.42759323,71.01554871
2018-11-08,88.3361969,2806.830078,109.3493729,204.9174805,26.60000038,31.67667961,360.2759705,101.7897568,52.32459259,71.46613312
2018-11-09,89.35144043,2781.01001,107.2162018,200.9663391,26.51000023,31.24020576,358.8864746,102.4497147,51.93131638,71.29962158
2018-11-12,89.63183594,2726.219971,104.5742188,190.8428497,26.70000076,31.11019707,346.9248962,100.8095169,51.31330109,69.11527252
2018-11-13,90.3763504,2722.179932,104.6426926,188.9360809,26.98999977,30.20939255,339.6177368,99.90691376,51.65975952,68.06717682
2018-11-14,90.39569092,2701.580078,103.1587524,183.5991516,26.62999916,31.02661705,334.9633179,98.53846741,51.51930237,67.98882294
2018-11-15,90.7244339,2730.199951,105.428894,188.1301422,25.95000076,31.12876511,331.9024658,96.60710144,51.84703827,69.28179932
2018-11-16,90.71475983,2736.27002,106.4214706,190.2138062,25.51000023,30.83159447,326.4415588,94.81160736,51.6691246,70.56497192
2018-11-19,90.20230865,2690.72998,102.8147964,182.6752472,25.06999969,30.45084572,311.8563843,93.92841339,50.9481163,69.09568787
2018-11-20,89.05169678,2641.889893,99.95500946,173.9474182,24.75,29.87507248,308.7080994,91.38562012,49.5529213,67.64598083
2018-11-21,88.38453674,2649.929932,101.3308487,173.7508392,25.36000061,31.20305824,308.3388062,91.39532471,50.28329849,67.12683868
2018-11-23,88.51023865,2632.560059,101.2915421,169.3377686,26.17000008,30.34869194,303.4803162,92.29792023,50.2739296,66.71543884
2018-11-26,88.89698792,2673.449951,104.6328812,171.6278381,27.40999985,30.23725319,307.4060059,92.34644318,50.68593979,67.40110779
2018-11-27,89.65118408,2682.169922,105.2913208,171.254364,27.60000038,30.24653816,309.0287781,92.23969269,50.68593979,68.28266907
2018-11-28,89.93157959,2743.790039,109.2026443,177.8395538,28.23999977,30.22796822,324.0608521,94.58838654,51.95003891,71.33879852
2018-11-29,89.7478714,2737.800049,108.2886887,176.4733582,28.64999962,30.46012878,332.8644714,94.42339325,51.73467255,71.75998688
2018-11-30,91.38193512,2760.169922,108.9766159,175.519989,29,30.31928825,336.9456177,94.772789,51.78149414,72.53382111
2018-12-03,90.23132324,2790.370117,110.1559067,181.6530762,28.90999985,30.50708008,349.7719727,95.84037781,51.70658112,72.74930573
2018-12-04,90.22164154,2700.060059,106.6474991,173.6623688,27.68000031,30.15966034,332.8061523,92.98699188,50.74211121,70.036026
2018-12-06,90.45371246,2695.949951,107.3059464,171.7261353,27.79999924,28.89205551,322.5061951,92.47956085,49.43119049,70.07521057
2018-12-07,89.39011383,2633.080078,103.0113449,165.6029053,26.77000046,29.58689308,314.0718384,90.9377594,49.15028381,68.51776123
2018-12-10,89.9509201,2637.719971,105.7335358,166.6938629,26.82999992,29.2582531,317.1132813,91.66963196,48.6259079,69.46789551
2018-12-11,90.80178833,2636.780029,106.7162857,165.7404938,26.70000076,28.63853264,312.9154968,91.58180237,48.56036377,70.3690567
2018-12-12,90.91781616,2651.070068,107.1978455,166.2024384,26.26000023,29.08923721,317.4436035,90.85969543,48.89746094,71.0449295
2018-12-13,93.29639435,2650.540039,107.5614471,168.0207214,25.51000023,28.79815865,316.2581787,90.71331787,48.89746094,70.70210266
2018-12-14,93.44143677,2599.949951,104.20047,162.6444397,25.43000031,27.78407288,309.728363,89.63014221,48.69145584,69.31118011
2018-12-17,89.69952393,2545.939941,101.1146469,161.1308594,25.28000069,27.38031387,307.1825256,88.57624054,48.04536057,68.32186127
2018-12-18,89.42878723,2546.159912,102.1760101,163.2243652,26.06999969,27.16435432,318.7748413,88.87875366,47.66144943,68.64509583
2018-12-19,88.7229538,2506.959961,101.9008484,158.1331024,26.04999924,26.76998711,310.5057068,88.36155701,46.94044113,67.58721924
2018-12-20,87.96877289,2467.419922,99.758461,154.1426697,25.69000053,25.85918617,304.1896667,85.17059326,46.64080048,66.97990417
2018-12-21,87.95910645,2416.620117,96.53504944,148.1472015,24.5,25.09862137,295.9302673,85.0242157,45.65760422,65.89263916
2018-12-24,84.46858215,2351.100098,92.50579834,144.3140411,23.89999962,24.58219147,285.8343201,83.74586487,45.23624039,64.21764374
2018-12-26,87.10821533,2467.699951,98.82485199,154.4768524,,25.91552734,305.0447693,88.2249527,46.3786087,68.19452667
2018-12-27,88.97433472,2488.830078,99.43416595,153.4743347,25.12000084,25.8873558,308.1639099,89.37641907,46.47225189,69.18383789
2018-12-28,88.16215515,2485.73999,98.65778351,153.5529785,25.32999992,26.00942039,307.4254456,89.90337372,46.36924744,69.63441467
2018-12-31,88.87765503,2506.850098,99.81742096,155.0371094,25.95999908,26.26294327,313.3722229,90.89871979,46.55652237,70.84903717
2019-01-02,88.25883484,2510.030029,99.37519073,155.2140045,25.82999992,26.54463577,314.6451416,91.0841217,47.06216049,68.07697296
2019-01-03,87.64002228,2447.889893,95.71937561,139.75354,25.11000061,26.47890854,302.1005554,90.61573029,46.7906189,64.86413574
2019-01-04,89.42878723,2531.939941,100.1712112,145.7195129,26.69000053,27.53055,317.8226013,91.18171692,47.53035355,66.71543884
2019-01-07,89.07104492,2549.689941,100.2989655,145.3952026,26.71999931,27.88735771,318.8233948,92.25512695,47.6708107,67.71453857
2019-01-08,89.3997879,2574.409912,101.0261993,148.1668701,26.65999985,28.07515335,330.8919373,92.89917755,47.85808563,66.90154266
2019-01-09,87.9397583,2584.959961,102.4708252,150.6829834,26.77000046,28.82632828,334.0984802,92.59667206,48.93973541,68.01820374
2019-01-10,88.15248108,2596.639893,101.8124008,151.1646271,26.54000092,28.80754662,342.6300049,92.66497803,49.29079056,67.66558075
2019-01-11,88.73262024,2596.26001,101.0261993,149.6804657,27.21999931,28.56341362,342.9118347,92.54787445,49.20539856,67.91046143
2019-01-14,88.13314819,2582.610107,100.2891464,147.429718,27.53000069,28.68548012,340.4436951,92.6552124,49.05358887,67.18224335
2019-01-15,88.96468353,2610.300049,103.1980667,150.4471283,27.56999969,29.27703094,342.2705078,93.92379761,49.60389709,69.34719849
2019-01-16,88.34585571,2616.100098,103.5616837,152.28508,28.04000092,28.86388588,342.0955505,94.02138519,50.55271149,68.70755005
2019-01-17,88.33338165,2635.959961,104.2889175,153.1893005,28.34000015,29.38970566,348.9266357,94.40195465,50.99865341,69.39639282
2019-01-18,89.09352875,2670.709961,105.8514786,154.1328583,28.28000069,30.04698563,354.4070129,95.36803436,51.71974945,70.28205872
2019-01-22,88.13847351,2632.899902,103.8565063,150.673172,27.97999954,29.6150589,347.7703247,95.13382721,51.41612625,70.35094452
2019-01-23,92.42649841,2638.699951,104.8687286,151.282547,27.97999954,29.22069359,348.4602051,96.32434845,51.32125092,68.79611969
2019-01-24,91.90024567,2642.330078,104.3675308,150.0834351,28.44000053,29.75590897,348.1298218,95.98280334,51.63435364,69.73097992
2019-01-25,91.21805573,2664.76001,105.3207932,155.0567474,28.54000092,30.06576729,353.8919678,94.59712982,52.24159622,70.01636505
2019-01-28,91.14009094,2643.850098,103.266861,153.6217651,28.61000061,29.88736153,352.6967773,94.71421814,52.38391876,67.94981384
2019-01-29,91.15958405,2640,101.1637878,152.0295105,28.93000031,30.08454514,354.5819092,94.37268829,52.80139542,68.57962036
2019-01-30,92.11463928,2681.050049,104.544426,162.4184113,29.23999977,30.29111481,376.7462769,92.5088501,53.2093811,70.53791046
2019-01-31,94.01502228,2704.100098,102.6280746,163.5879974,29.67000008,30.34745407,374.7056885,93.51394653,53.4276123,71.81720734
2019-02-01,94.98957825,2706.530029,101.006546,163.6666412,30.21999931,30.42257309,376.4645081,91.59156799,53.49403,71.20708466
2019-02-04,95.53530884,2724.870117,103.9154663,168.3155823,30.28000069,31.07045937,385.7636414,92.47956085,53.71224976,71.34484863
2019-02-05,94.96033478,2737.699951,105.3699341,171.1953888,31.20999908,31.11740685,398.5705566,93.28951263,53.86406326,71.94512939
2019-02-06,95.4281311,2731.610107,104.20047,171.254364,31.31999969,31.16435623,399.4742432,93.32853699,53.71224976,72.31907654
2019-02-07,94.66796875,2706.050049,103.4535751,168.01091,31.18000031,30.6197567,395.6802673,94.39220428,53.2093811,71.58102417
2019-02-08,95.22346497,2707.879883,103.8466797,168.2083282,31.36000061,30.27233887,395.4263611,93.26999664,53.39914322,72.16162872
2019-02-11,95.76921082,2709.800049,103.4339218,167.2409668,31.68000031,30.34745407,394.4888611,93.87500763,52.78242111,72.36828613
2019-02-12,96.73401642,2744.72998,105.0456314,168.6821136,31.69000053,30.54463577,401.1003113,94.62639618,53.45607376,73.86405945
2019-02-13,96.71452332,2753.030029,104.9670029,167.9812775,31.63999939,30.36623573,400.9635925,95.5729599,53.56993484,73.19490051
2019-02-14,95.95438385,2745.72998,105.0554504,168.5932922,31.97999954,30.56341743,400.221344,96.13893127,53.2947731,72.79142761
2019-02-15,95.97387695,2775.600098,106.3526764,168.2182007,33.15000153,31.82163429,408.1805115,97.57341003,53.99689865,74.05104065
2019-02-19,97.44543457,2779.76001,106.3035431,168.7215881,33.02000046,32.30989456,406.5105286,99.72999573,54.32898331,73.80501556
2019-02-20,96.75350952,2784.699951,105.7508545,169.8073883,32.88999939,32.20661545,411.6766357,97.46606445,54.92673492,74.33641815
2019-02-21,97.24079132,2774.879883,107.9813538,168.8499298,33.29999924,32.01882172,407.7996216,96.98791504,54.82236481,73.94277954
2019-02-22,97.69882202,2792.669922,109.5209732,170.7352295,33.13999939,32.10332489,414.1180725,97.14403534,55.04059219,74.91700745
2019-02-25,97.03612518,2796.110107,110.1328735,171.9789581,33.40000153,31.87797546,416.8720398,96.7244339,55.08803558,75.63537598
2019-02-26,97.28951263,2793.899902,110.8928223,172.0776672,33.91999817,32.0282135,416.774353,96.30483246,55.30625916,75.52713776
2019-02-27,96.39292908,2792.379883,110.7052994,172.6106873,34.27000046,32.50708008,425.2413025,95.73884583,55.73322678,75.99948883
2019-02-28,96.04209137,2784.48999,110.567131,170.9129181,33.11000061,32.35684586,429.655426,96.59757996,54.44284058,76.38327789
2019-03-01,95.93489838,2803.689941,111.0606079,172.7093811,34,32.50893784,430.2999878,95.5632019,53.60788345,77.3378067
2019-03-04,96.35394287,2792.810059,110.7941284,173.5780334,33.59999847,32.23328018,422.5557251,95.48512268,53.55095673,77.36734772
2019-03-05,96.56835175,2789.649902,110.2414322,173.2621613,33.02000046,32.36634827,420.0458984,95.96328735,53.39914322,76.97370911
2019-03-06,96.41242218,2771.449951,110.2907867,172.2652283,32.77999878,31.97662354,414.5184631,95.88522339,52.92473602,76.46199036
2019-03-07,96.04209137,2748.929932,108.9485397,170.2713165,33,31.6724453,412.6629639,95.09480286,52.56419754,75.57634735
2019-03-08,95.90565491,2743.070068,109.0669785,170.6760254,33.15999985,31.02606964,412.6434631,95.23141479,52.97217941,75.40904236
2019-03-11,97.04588318,2783.300049,111.3566895,176.5886078,33.36000061,31.39678764,390.6411438,96.09991455,53.21887207,76.57024384
2019-03-12,97.50392151,2791.52002,112.1363678,178.5726624,32.04000092,31.55837822,366.6173096,95.99256134,53.39914322,76.99339294
2019-03-13,98.60515594,2810.919922,113.0048752,179.3623199,32.00999832,31.95761299,368.3068237,96.63661194,53.67430115,77.36734772
2019-03-14,98.74159241,2808.47998,113.0936966,181.3562164,31.88999939,31.96712112,364.5567017,96.36190796,53.40863419,77.72161102
2019-03-15,99.83309937,2822.47998,114.3964691,183.715332,31.65999985,32.09069061,370.1134338,96.55812836,53.69327545,78.58757782
2019-03-18,98.92676544,2832.939941,116.0347824,185.5908051,31.42000008,32.60399246,363.5606384,97.77467346,54.18666458,77.5739975
2019-03-19,99.30683899,2832.570068,116.1137466,184.1200562,31.75,32.65151596,364.6836853,97.96107483,54.10126877,78.68598938
2019-03-20,99.13141632,2824.22998,115.9854431,185.7289886,31.44000053,33.01272583,367.349762,96.77396393,53.87355042,78.66631317
2019-03-21,99.88182068,2854.879883,118.6501923,192.5694275,31.45999908,32.86063766,363.9707947,97.18600464,53.16193771,78.78439331
2019-03-22,99.07294464,2800.709961,115.5215759,188.5816498,31.61000061,31.98613167,353.687439,96.42076874,52.2890358,76.72769928
2019-03-25,99.3653183,2798.360107,116.1236267,186.3014832,30.95999908,31.34925652,361.7832031,96.31285095,52.2890358,76.98355103
2019-03-26,100.3983307,2818.459961,116.3703461,184.3766785,31.92000008,31.63442421,361.7051086,96.46001434,52.24159622,77.74129486
2019-03-27,100.2813873,2805.370117,115.245224,186.0349731,32.20000076,30.83595657,365.4454041,95.37100983,51.62486649,77.47558594
2019-03-28,100.9148483,2815.439941,115.4031448,186.2817383,32.13000107,30.84546852,365.6700439,95.29252625,51.58691406,78.17428589
2019-03-29,101.4021301,2834.399902,116.3999634,187.4958649,32.20999908,30.82645607,372.4865723,95.68495941,51.54896545,78.66631317
2019-04-01,101.0025558,2867.189941,117.4658585,188.7692108,33.56000137,31.31123734,382.3695374,95.96946716,52.68753815,78.39076996
2019-04-02,101.1097565,2867.23999,117.6336365,191.5132904,33.58000183,31.31123734,381.5979919,95.10612488,52.80139542,78.35140991
2019-04-03,101.0512924,2873.399902,118.4034576,192.8261108,33.49000168,30.99755478,375.7287598,95.35140228,53.00064087,78.23332214
2019-04-04,100.7979126,2879.389893,117.8014221,193.1616821,33.02999878,31.1306324,386.5883484,96.25399017,53.13347626,77.36734772
2019-04-05,101.0122986,2892.73999,118.3244934,194.4547577,32.97999954,31.59640503,382.7503357,96.96037292,53.11450195,77.74129486
2019-04-08,102.2987137,2895.77002,118.3639679,197.5147095,32.88000107,31.95761299,365.7481689,97.35280609,53.43709946,77.26892853
2019-04-09,101.9966125,2878.199951,117.7224503,196.9224701,32.31999969,31.48233604,360.3965149,96.82302094,53.20634842,77.41654205
2019-04-10,101.9868546,2888.209961,118.6205826,198.0279846,32.36999893,31.46332359,356.3925171,97.71580505,53.2448082,77.71176147
2019-04-11,102.0843048,2888.320068,118.7587509,196.3795776,32.79000092,31.2066803,361.4902954,98.89311218,53.02367783,77.25909424
2019-04-12,102.3864212,2907.409912,119.3706512,196.3006134,32.52999878,31.54887581,370.74823,99.63871765,53.69668579,77.08123779
2019-04-15,103.0393753,2905.580078,119.4693527,196.6559601,31.95000076,31.34925652,366.6661072,100.4922714,53.81206512,76.57730865
2019-04-16,103.7118073,2907.060059,119.1930008,196.675705,31.65999985,31.26371002,372.7795105,100.982811,54.32162476,75.47064209
2019-04-17,103.8844452,2900.449951,120.1799469,200.5055847,32.24000168,31.59640503,368.677887,101.2084579,54.45623016,72.01231384
2019-04-18,104.0807343,2905.030029,121.7590561,201.2261505,32.59000015,31.54887581,371.1681824,101.2280731,54.37931442,73.03992462
2019-04-22,104.041481,2907.969971,122.143959,201.8874969,32.13999939,32.28079987,366.3829651,100.433403,54.36969757,73.62290192
2019-04-23,101.2444077,2933.679932,123.8020325,204.7993622,31.56999969,32.4994278,365.2598267,101.1201553,53.96589279,75.19397736
2019-04-24,101.7645645,2927.25,123.3776474,204.4835052,31.45000076,31.28272057,366.6661072,101.5714569,53.34095383,75.83623505
2019-04-25,101.3621674,2926.169922,127.4635773,202.6278076,32.06000137,31.48233604,373.8342285,101.5616379,53.52362823,77.18004608
2019-04-26,103.8942642,2939.879883,128.1939087,201.6604614,31.81999969,31.3397541,371.8712769,99.60929108,53.90820694,77.62467957
2019-04-29,102.8343201,2943.030029,128.0754852,201.9664612,31.95000076,31.49184227,370.1720581,99.63871765,54.46584702,77.33813477
2019-04-30,104.5027542,2945.830078,128.8946533,198.0773621,32.15999985,31.36826897,368.8439026,100.8945084,54.77350616,78.61277771
2019-05-01,102.9815292,2923.72998,126.2101593,207.8001099,32.86999893,30.92150879,367.974762,99.44250488,54.46584702,77.80253601
2019-05-02,103.5998306,2917.52002,124.5619659,206.4477997,32.56999969,30.0945282,366.9981689,99.23647308,54.34085464,77.84205627
2019-05-03,104.1101761,2945.639893,127.2168427,209.0142212,33.61999893,30.78843307,367.6427002,100.1488953,54.77350616,77.75313568
2019-05-06,103.7176056,2932.469971,126.4766235,205.7864685,35.27999878,30.49376106,362.8965454,100.5216904,54.63890457,78.12861633
2019-05-07,102.7557983,2884.050049,123.8809662,200.2390747,35.5,30.29414558,348.8630981,99.38365173,53.89859009,75.99433136
2019-05-08,103.118927,2879.419922,123.8711166,200.2785339,36.29999924,30.95002747,351.3240662,98.40255737,53.53324509,75.31254578
2019-05-09,102.3043442,2870.719971,123.8612442,198.126709,35.86999893,30.74090576,347.8225708,98.17571259,53.33134079,75.51016235
2019-05-10,104.041481,2881.399902,125.4699554,195.3819733,36.20999908,30.33216858,348.3529663,100.5132294,53.2448082,75.53980255
2019-05-13,104.1396179,2811.870117,121.7393112,184.0264893,38.20999908,29.86639595,331.361084,98.52090454,52.61986923,74.60112
2019-05-14,103.6390915,2834.409912,123.1013031,186.9396667,38.79999924,30.32266045,336.9301147,98.91543579,52.82176971,75.12480164
2019-05-15,104.7186661,2850.959961,124.8348389,189.1790619,38.88000107,30.51277161,339.4838257,98.51104736,52.94676208,75.59909058
2019-05-16,106.1024857,2876.320068,127.7174683,188.3467255,40.40000153,30.87398148,347.5082703,99.92144775,53.13904953,75.6880188
2019-05-17,105.4547348,2859.530029,126.8655701,187.2765808,40.86000061,30.5888176,348.6967163,99.47762299,53.11981964,75.06552124
2019-05-20,105.3369598,2840.22998,125.0329666,181.4204712,,30.72189331,346.5064697,100.1285629,53.46594238,74.86789703
2019-05-21,104.3947906,2864.360107,125.7065735,184.898468,40.77999878,31.15914726,352.3602905,99.73405457,53.33134079,75.12480164
2019-05-22,104.7382965,2856.27002,126.4693222,181.1132813,39.72000122,30.36068535,346.4966125,100.8288422,52.85062027,75.35207367
2019-05-23,104.7775497,2822.23999,124.9933395,178.0217438,39.49000168,29.18199921,344.3063354,100.463913,53.85051727,74.72956848
2019-05-24,104.708847,2826.060059,125.0527649,177.3380432,40.43000031,29.55271339,348.5788574,101.2628021,54.45623016,76.06350708
2019-05-28,102.520256,2802.389893,124.9735336,176.6047821,40.72000122,29.72381401,348.5592346,101.0162354,54.22548294,74.80861664
2019-05-29,102.2552719,2783.02002,123.7649994,175.7625275,40.50999832,29.73332024,342.5874939,100.7203522,53.45632172,74.76908875
2019-05-30,103.3741074,2788.860107,124.5475616,176.6741486,40.34999847,29.5146904,343.6384277,100.7893906,53.29288101,75.60897827
2019-05-31,100.9990463,2752.060059,122.5168457,173.4736023,39.90000153,29.27705193,335.5255737,100.0496674,52.54295731,75.22360992
2019-06-03,101.8725204,2744.449951,118.7129517,171.7197266,39.15999985,29.14213562,332.8540344,100.5625458,52.69678879,74.80861664
2019-06-04,102.7361755,2803.27002,122.0017395,178.0019226,39.40999985,29.14213562,338.4819641,101.1543198,53.63900375,76.53778839
2019-06-05,104.7481003,2826.149902,124.6466293,180.8754578,39.34000015,28.89157486,342.5383911,102.9888153,53.87936401,77.75313568
2019-06-06,105.3860321,2843.48999,126.6179123,183.5310364,39.02999878,29.27705193,344.3947754,103.6693649,54.21586609,79.13646698
2019-06-07,106.7502136,2873.340088,130.1642303,188.4160767,39.08000183,29.37342072,347.4002686,104.6063461,54.51391602,79.77872467
2019-06-10,106.701149,2886.72998,131.3529663,190.8239288,38.61999893,29.30596542,347.4984436,106.0463409,54.64852142,80.30242157
2019-06-11,107.3488922,2885.719971,130.857666,193.0335846,39.97000122,29.498703,343.1080627,106.4605865,54.78312302,80.15420532
2019-06-12,107.6433334,2879.840088,130.2534027,192.4192505,39.79999924,29.64325523,340.8490295,107.3285217,54.09087753,80.97431946
2019-06-13,108.8504868,2891.639893,131.075592,192.3795929,39.88000107,29.84563255,342.6464233,107.1608505,54.20625687,81.31027985
2019-06-14,109.1351013,2886.97998,131.2043762,190.9824677,39.99000168,29.87454414,340.9767151,107.5750961,54.41777039,81.24111176
2019-06-17,108.9289932,2889.669922,131.6006165,192.1219788,39.54000092,29.95163918,348.5788574,107.6638641,54.41777039,81.07313538
2019-06-18,107.5648117,2917.75,133.8888855,196.6403961,39.54000092,30.02873421,367.2993774,108.1471405,55.23500061,82.42681885
2019-06-19,108.3695831,2926.459961,134.4139099,196.0656891,40.72999954,30.25038528,361.995575,108.1175537,55.71572113,83.32598877
2019-06-20,109.6650772,2954.179932,135.6620331,197.6411896,39.45999908,30.66477203,368.2030029,108.8079605,55.91762543,83.9287262
2019-06-21,109.1351013,2950.459961,135.6818695,196.9673767,40,30.4527607,365.2171326,109.6068573,55.69649124,83.98801422
2019-06-24,110.2441177,2945.350098,136.4842377,196.7692108,40.16999817,30.69368553,367.3288269,109.7153473,56.05222702,83.70146179
2019-06-25,109.6454468,2917.379883,132.1751404,193.7866669,39.5,30.36602974,362.7420044,109.2024765,55.73495102,83.23705292
2019-06-26,107.6924057,2913.780029,132.6704407,197.9780884,39.36000061,30.42384911,368.2619019,108.6501617,55.86955261,81.97229767
2019-06-27,107.7414703,2924.919922,132.8883667,197.9186401,40.59999847,29.96127701,357.5364075,108.5909729,55.85993576,82.69361115
2019-06-28,107.613884,2941.76001,132.7001801,196.1152191,39.68999863,30.02873421,357.5265808,108.9756241,56.10991669,83.09872437
2019-07-01,108.4382858,2964.330078,134.4039917,199.7121429,,30.4527607,350.111084,109.1038513,56.34066391,83.48408508
2019-07-02,109.4099121,2973.01001,135.295517,200.8813629,40.59999847,30.03837204,347.8520508,110.0704117,56.50410843,83.93860626
2019-07-03,111.9616241,2995.820068,136.1672516,202.546051,41.06000137,30.15401649,348.1564941,110.7805405,57.00405884,84.62039185
2019-07-05,111.0488968,2990.409912,135.7710114,202.3676758,41.72999954,30.30820847,349.5217285,110.4452133,57.11943436,84.40300751
2019-07-08,111.9321823,2975.949951,135.6719513,198.1960754,41.49000168,30.23111343,344.8661804,111.1750641,56.8406105,84.07694244
2019-07-09,110.8133545,2979.629883,135.1766663,199.4049683,40.75999832,30.94424438,346.8011169,111.3328705,56.9769249,84.25479889
2019-07-10,111.6377563,2993.070068,136.5536041,201.3768158,41.75999832,31.24298859,346.0251465,111.4315033,56.87955475,84.36348724
2019-07-11,112.2560501,2999.909912,137.0984039,199.9103088,41.88000107,31.2815361,352.605835,112.3586197,57.19112015,84.74884033
2019-07-12,112.8547211,3013.77002,137.5937042,201.4461823,42.50999832,31.10807228,358.8230896,113.0292969,57.17164993,83.23139191
2019-07-15,113.3356323,3014.300049,137.5937042,203.3387604,42.86999893,31.01170349,355.169342,113.4040909,57.10349655,83.12229919
2019-07-16,113.7380066,3004.040039,135.7908173,202.6352234,43.34999847,30.41421318,356.289032,113.1871109,57.11322784,82.47763824
2019-07-17,113.7870865,2984.419922,134.9884491,201.4957123,43.45000076,30.26002121,362.9384766,113.0292969,57.25927734,85.0562973
2019-07-18,114.0299835,2995.110107,135.1370392,203.7846527,44.31999969,30.0576458,354.6782227,113.1476593,57.53189087,87.0398941
2019-07-19,113.6052399,2976.610107,135.335144,200.7426453,44.20999908,30.01909828,370.6387939,112.3388977,57.2397995,86.77210236
2019-07-22,113.8916931,2985.030029,137.1281128,205.3304291,44.09999847,30.02873421,366.769043,111.2736969,57.08402252,87.34734344
2019-07-23,112.4593964,3005.469971,137.9800415,206.9356384,44.22000122,29.86490631,366.4252625,110.5537033,57.2397995,88.01184845
2019-07-24,111.2246704,3019.560059,139.3965912,206.7672119,44.5,29.44087982,354.9925537,110.4649353,57.42478943,87.86307526
2019-07-25,111.3925858,3003.669922,138.871582,205.1322632,44.06999969,28.54464531,341.8901672,110.6819229,57.14243698,87.27792358
2019-07-26,113.3286514,3025.860107,140.0107574,205.8456879,45.54999924,28.56391716,338.8551941,111.4709549,57.12296295,87.02997589
2019-07-29,114.5831375,3020.969971,139.7036743,207.7679901,45.09000015,28.06279755,334.1504822,110.7312317,57.25927734,87.82341003
2019-07-30,118.9392776,3013.179932,139.0300751,206.8761902,46.68999863,28.07243347,341.2713623,110.5241165,57.08402252,87.58537292
2019-07-31,116.5982208,2980.379883,134.9884491,211.0973663,45.40999985,27.65804482,335.1032104,108.8671341,56.89902878,86.38529968
2019-08-01,115.3042221,2953.560059,136.7615967,206.5293732,44.97999954,27.69659233,328.3359375,107.8808365,55.99355316,85.37368011
2019-08-02,115.0177689,2932.050049,135.6125031,202.1596069,44.40999985,27.39784813,333.512085,107.9005661,55.47752762,85.11580658
2019-08-05,111.6988068,2844.73999,130.966629,191.5769806,,26.63652802,325.1634521,104.3696442,54.4065361,82.47763824
2019-08-06,112.8841476,2881.77002,133.4233093,195.2036133,44.15999985,26.85817909,326.5287476,105.7997589,54.71809769,84.16368103
2019-08-07,114.1090012,2883.97998,134.0077362,197.2250061,43.31000137,27.08946609,325.4777832,106.7170181,54.42600632,83.90581512
2019-08-08,116.0055542,2938.090088,137.5838013,201.5749817,44.47000122,27.58094978,332.4207153,107.5594864,55.20491409,84.85794067
2019-08-09,115.3536148,2918.649902,136.414917,199.9139252,44.5,27.58094978,333.6066895,106.3304596,55.01018524,85.90924072
2019-08-12,114.6127701,2882.699951,134.5129395,199.4066467,43.75999832,27.57131195,329.0505371,104.2887039,54.35785675,83.96533203
2019-08-13,115.8178711,2926.320068,137.2965393,207.8512115,43.5,27.62913513,328.9714661,106.4593201,54.84466934,86.17702484
2019-08-14,114.3757095,2840.600098,133.1619263,201.664505,42.31999969,26.89672661,316.6767883,105.2600174,53.16028214,83.25123596
2019-08-15,115.9561615,2847.600098,132.8637543,200.6599121,41.86000061,26.60761833,324.1682434,111.6925888,52.50795364,83.25123596
2019-08-16,117.7242966,2888.679932,135.2988129,205.3944244,43.58000183,27.07982635,326.5896606,111.9899216,53.18949509,84.08433533
2019-08-19,118.771347,2923.649902,137.5648956,209.2238159,43.66999817,27.48458099,329.8807068,112.8026657,53.41342926,84.85794067
2019-08-20,117.4477234,2900.51001,136.4219055,209.2337646,43.20999908,27.09910202,327.8744507,111.0582504,52.71241379,83.84631348
2019-08-21,117.7440491,2924.429932,137.9425507,211.5015564,44.20999908,27.39784813,336.0181885,111.028511,53.07265472,84.20335388
2019-08-22,117.9613647,2922.949951,136.9387207,211.322525,43.90000153,27.34002686,350.2697144,110.919487,53.15054703,83.67771149
2019-08-23,115.8870163,2847.110107,132.575531,201.5550995,43.09999847,26.85817909,351.8510437,109.8490448,52.42032623,81.25772858
2019-08-26,117.8625946,2878.379883,134.6229553,205.3844757,42.45000076,27.10873795,354.8456421,110.9987717,52.8000412,82.43796539
2019-08-27,119.0775604,2869.159912,134.9111786,203.0669556,42.70999908,27.00273132,350.5859985,111.4249725,52.53715897,82.96361542
2019-08-28,119.9171906,2887.939941,134.7322693,204.4296265,42.68999863,27.46530724,355.7647705,111.7223129,52.42032623,83.52893829
2019-08-29,119.6998672,2924.580078,137.2766418,207.890976,43.54999924,28.10134506,358.5024109,113.070282,52.67346954,84.12400818
2019-08-30,118.7614746,2926.459961,137.0182495,207.6224365,44.75,28.16880226,359.8366394,113.2486877,52.76109695,84.61991119
2019-09-03,119.8776779,2906.27002,135.2093506,204.5986938,43.61999893,27.98857689,350.2796326,113.6253204,52.25480652,83.37024689
2019-09-04,121.7050781,2937.780029,136.7896576,208.0700378,43.56999969,28.27109337,352.3649597,114.8840866,52.76109695,83.52893829
2019-09-05,121.2605743,2976,139.19487,212.1381226,44.09000015,28.75819016,356.0908813,114.4182434,53.24790955,85.19515228
2019-09-06,121.3692322,2978.709961,138.2506714,212.1182251,44.56000137,28.94328499,358.7593689,113.7145309,53.83209229,85.33400726
2019-09-09,120.6777802,2978.429932,136.6803284,213.0233612,44,29.1186409,354.5886536,115.3003616,54.12417984,83.52893829
2019-09-10,118.415741,2979.389893,135.249115,215.5398102,42.38000107,29.76160812,365.1735229,115.0228424,54.76677704,82.52722168
2019-09-11,119.788765,3000.929932,135.2888489,222.3929291,42.70000076,29.77134895,378.4664307,114.993103,54.85440445,83.82646942
2019-09-12,121.2704468,3009.570068,136.6803284,221.8955994,42.90999985,29.88825417,371.2418213,115.8851395,55.04912949,84.51081085
2019-09-13,120.6283875,3007.389893,136.4815369,217.5788422,43.13000107,29.62522125,375.3235779,116.3906326,55.20491409,83.57852173
2019-09-16,118.2873383,2997.959961,135.4975891,218.7226868,41.81000137,31.6028347,374.4241943,114.5470886,55.32174683,82.67598724
2019-09-17,119.6801147,3005.699951,136.5511169,219.5184021,44.00999832,31.30083466,379.7117004,115.478775,55.64304733,82.89418793
2019-09-18,119.927063,3006.72998,137.6742096,221.5773315,43.40000153,31.07676888,381.8959045,116.123024,55.72093582,82.9536972
2019-09-19,120.4110794,3006.790039,140.2086487,219.7770233,43.02999878,31.05728531,379.9489136,116.0734634,56.03249741,82.54705811
2019-09-20,120.7469177,2992.070068,138.5885925,216.5642853,42.75,30.92089844,374.9579163,115.9446182,56.15906906,82.89418793
2019-09-23,121.7149582,2991.780029,138.2904205,217.548996,43.04000092,30.94038391,372.6254578,116.578949,56.15906906,82.47763824
2019-09-24,122.1001892,2966.600098,136.5411835,216.5145569,43,31.04754639,377.1914978,117.3520432,55.93513489,81.76354218
2019-09-25,121.517395,2984.870117,138.509079,219.8466339,43.13000107,30.83321953,381.6883545,117.4214249,55.80856323,82.18009186
2019-09-26,122.7916336,2977.620117,138.687973,218.712738,43.13999939,30.7942543,382.3703003,117.2529297,55.86698151,81.98174286
2019-09-27,123.0484619,2961.790039,136.8890228,217.6484833,42.95000076,30.87219048,378.3873596,117.4016037,56.36353302,81.16846466
2019-09-30,122.8607788,2976.73999,138.1810913,222.7708893,43.20999908,30.765028,376.0252686,117.6295624,56.72377777,82.98344421
2019-10-01,122.3372574,2940.25,136.233078,223.3875732,43.11999893,29.8979969,370.5598755,116.8069153,55.3801651,81.16846466
2019-10-02,119.6010895,2887.610107,133.8278351,217.7877197,42.54000092,29.2063179,363.0684204,115.0922241,53.59841919,78.87741852
2019-10-03,120.2530212,2910.629883,135.4478912,219.6377563,43.09999847,29.0894146,367.7234192,115.2805405,53.47184753,80.40478516
2019-10-04,122.4854279,2952.01001,137.2766418,225.7946167,43.27000046,29.2063179,371.3110352,117.1141663,54.02682114,81.31723022
2019-10-07,121.339592,2938.790039,136.2827606,225.8443451,43.24000168,29.19657707,372.1412048,116.1924057,53.87103653,80.37503052
2019-10-08,119.452919,2893.060059,134.8416138,223.1985931,42.88000107,28.3392868,369.7297058,116.5393066,53.42316437,77.86579132
2019-10-09,120.4901047,2919.399902,137.3959198,225.8145142,43.65999985,28.44644928,370.5796509,117.8773575,53.9462471,78.84767151
2019-10-10,120.450592,2938.129883,138.2506714,228.8581238,44.81000137,28.72896385,366.6659241,118.5513382,54.22258759,79.48241425
2019-10-11,119.6109695,2970.27002,138.8271179,234.9453583,45.54999924,29.03096199,370.5401306,119.1757584,55.15031815,79.29322052
2019-10-14,118.5836716,2966.149902,138.6979218,234.6071777,,29.16735077,368.8204346,118.1152267,55.26874924,79.48241425
2019-10-15,115.7684784,2995.679932,140.7055969,234.0601349,45.63000107,29.00173759,366.6263733,118.4720383,55.59444046,81.63328552
2019-10-16,116.0944519,2989.689941,139.5526733,233.1152039,45.38000107,29.12838364,368.0792236,118.3630142,55.53522491,81.43412781
2019-10-17,115.9412613,2997.949951,138.8370667,234.02034,45.54000092,29.47909164,364.7485962,118.7792969,55.51548386,82.03158569
2019-10-18,116.7762985,2986.199951,136.5709839,235.1443024,45.25999832,29.37193108,339.9813538,118.085495,55.71287155,82.43985748
2019-10-21,118.3767929,3006.719971,137.5847473,239.2223358,46.22999954,29.84928513,327.1924744,118.6801758,56.06817245,81.30467987
2019-10-22,121.4584885,2995.98999,135.5373383,238.675293,45.43000031,29.84928513,333.0631104,118.5215988,56.26555634,80.19937134
2019-10-23,122.2736435,3004.52002,136.4020386,241.8780365,45.72999954,29.65444756,336.5222168,118.2936325,56.30503845,80.92627716
2019-10-24,124.0530777,3010.290039,139.085556,242.2758942,46.00999832,29.55702782,340.5249023,118.045845,56.48268509,81.01590729
2019-10-25,122.522171,3022.550049,139.8707123,245.2598419,45.99000168,29.66419029,335.8600464,117.9863739,56.79850769,81.30467987
2019-10-28,122.7508163,3039.419922,143.3096008,247.7166138,45.72000122,29.63496399,336.8977661,118.1647873,56.80838013,82.31040955
2019-10-29,122.8701019,3036.889893,141.957901,241.987442,47.41999817,29.49857712,344.8537292,116.1131058,56.68994141,83.09706116
2019-10-30,124.2021942,3046.77002,143.7270355,241.9576111,46.56000137,29.42064285,342.0172729,117.0546951,56.39385986,83.65470123
2019-10-31,123.7747269,3037.560059,142.4945831,247.4281616,46.90000153,28.92380333,335.9391174,116.2221375,56.3247757,83.2563858
2019-11-01,123.1385117,3066.909912,142.8424683,254.4503784,46.99000168,30.1025753,341.1574402,116.578949,56.60112,82.31040955
2019-11-04,118.3668518,3078.27002,143.6674042,256.1213684,47.27999878,30.56044769,346.9884949,116.5293884,57.06498337,81.87226868
2019-11-05,118.1978607,3074.620117,143.5779572,255.7533722,47.06000137,30.77476883,354.1044006,117.8079758,56.99589539,81.99175262
2019-11-06,119.6094742,3076.780029,143.1803741,255.8627625,48.59999847,30.37535095,350.0523071,118.4423065,57.08472061,82.76846313
2019-11-07,118.9136047,3085.179932,143.3791504,258.8157349,47.33000183,31.36902809,355.1966858,119.1658478,57.18341446,83.03731537
2019-11-08,118.9931259,3093.080078,145.0687866,259.5240784,48.63000107,31.46644592,348.9240112,118.382843,57.13406754,83.38583374
2019-11-11,118.6253204,3087.01001,145.217865,261.5791931,48.13000107,31.32032013,364.7896118,117.9863739,57.24263382,83.40575409
2019-11-12,118.5656662,3091.840088,146.1720123,261.3397522,48.56000137,31.05728531,360.7337341,118.0656738,57.10446167,83.98329926
2019-11-13,119.9375229,3094.040039,146.4105377,263.843811,48.86999893,31.07676888,360.3559875,119.9092102,56.96628952,83.86380768
2019-11-14,119.7884064,3096.629883,147.1559601,262.018158,49.29999924,31.25212669,365.2667847,119.5821304,56.87746429,83.76423645
2019-11-15,119.8281708,3120.459961,149.054306,265.1307678,49.36000061,31.6320591,369.4816895,117.8178864,57.24263382,85.34750366
2019-11-18,121.1701965,3122.030029,149.4220428,266.4675903,49.56000137,31.00857544,367.2748108,119.1856689,57.31171799,83.90364075
2019-11-19,120.7029724,3120.179932,149.4717255,265.6595154,49.88000107,30.61889839,364.8293762,118.8288574,57.25249863,83.93350983
2019-11-20,121.5678406,3108.459961,149.2124329,262.566864,49.75,30.55070496,368.7162476,118.0755844,56.80838013,83.53520203
2019-11-21,119.6293488,3103.540039,149.0728149,261.3896484,49.45000076,30.86244774,364.2726746,118.799118,57.38080215,83.32609558
2019-11-22,119.5796509,3110.290039,149.1825256,261.1601868,49.16999817,30.61889839,369.1437073,118.3035507,57.2031517,83.38583374
2019-11-25,119.7983475,3133.639893,150.8180542,265.7393188,49.84999847,30.93064117,370.9231262,117.8674316,57.5189743,84.13265991
2019-11-26,121.5380173,3140.52002,151.6158752,263.6642456,50.54000092,30.7065773,371.3008728,118.1350479,57.1932869,85.05873108
2019-11-27,121.0409698,3153.629883,151.9050903,267.2058411,50.20000076,30.68709183,365.8234558,117.7088547,57.13406754,85.05873108
2019-11-29,121.3391953,3140.97998,150.9676514,266.6172485,50.04999924,30.589674,364.0142212,118.0359344,57.04524231,85.08860016
2019-12-02,121.9953003,3113.870117,149.1426392,263.5345459,49.47000122,30.75753212,353.0792847,118.2242584,56.59125137,84.15258026
2019-12-03,122.223938,3093.199951,148.9032898,258.8357239,49.36999893,30.27370644,349.9976196,117.6196518,56.2063446,84.0032196
2019-12-04,123.7946091,3112.76001,149.4418182,261.1202698,49.20000076,30.92539024,346.7767639,117.6394806,56.57151031,84.81974792
2019-12-05,123.884079,3117.429932,149.5215912,264.9511719,49.18999863,30.56992531,343.6354675,118.1372757,54.67658615,84.87949371
2019-12-06,123.4566193,3145.909912,151.3366394,270.0690308,49.02999878,31.50795746,351.9957275,119.2523346,54.62723541,85.1184845
2019-12-09,124.1326065,3135.959961,150.9477081,266.2880249,48.86999893,31.36972046,349.1327515,118.8341904,54.41011047,83.51528931
2019-12-10,123.5361404,3132.52002,150.718338,267.8443298,48.56000137,31.41909027,345.8423462,118.6151581,54.39036942,84.20236969
2019-12-11,123.9238434,3141.629883,151.2867737,270.1289063,49.38999939,31.3104763,347.9299316,118.4757767,54.52854156,84.55089569
2019-12-12,123.8343735,3168.570068,152.8225861,270.8172607,48.79999924,31.54745293,344.2418823,119.2324295,54.9430542,85.60640717
2019-12-13,124.7290573,3168.800049,154.1090698,274.4985352,49.5,31.36972046,339.6492004,119.7600937,55.59444046,85.98479462
2019-12-16,124.8185272,3191.449951,155.1063385,279.1973572,49.88000107,31.73505783,325.0659485,120.0089874,55.87078476,86.03459167
2019-12-17,124.5699997,3192.52002,154.268631,279.7460938,50.33000183,31.88316917,325.0659485,120.7457275,55.99908829,86.69179535
2019-12-18,123.2776794,3191.139893,153.9495087,279.0776672,50.00999832,31.87329292,328.7241821,119.3319855,55.70300293,86.56234741
2019-12-19,124.1823044,3205.370117,155.2858582,279.3569946,49.34999847,32.19913864,331.5274963,119.5510178,55.34770584,86.98056793
2019-12-20,124.6197052,3221.219971,156.9812317,278.7783813,49.70000076,31.79430389,326.0600281,119.7600937,55.40692139,86.29349518
2019-12-23,124.1624222,3224.01001,156.9812317,283.3275757,49.68999863,32.06090164,335.5535583,118.5056381,55.18979263,86.98056793
2019-12-24,124.4805374,3223.379883,156.9513092,283.5969238,49.59999847,31.9819088,331.0304565,118.9835281,55.15031815,86.91086578
2019-12-26,124.4805374,3239.909912,158.237793,289.2236023,,32.48548508,327.968689,118.9934769,55.19966125,86.91086578
2019-12-27,125.3453903,3240.02002,158.5270081,289.1138306,49.68000031,32.21888733,328.1874084,119.0631714,55.3378334,87.03035736
2019-12-30,123.7349625,3221.290039,157.1607361,290.8297729,48.84999847,32.24850845,324.4695129,118.8740158,55.24900818,86.43289948
2019-12-31,124.1624222,3230.780029,157.2704315,292.9547119,48.50999832,32.38674164,323.833313,118.3164749,55.39705276,86.49264526
2020-01-02,122.6812286,3257.850098,160.1824799,299.6388855,50,32.36699295,331.3485718,118.4160385,55.80169678,86.58226013
2020-01-03,121.8561249,3234.850098,158.1879272,296.725769,48.31000137,32.40649033,330.7919006,117.3706665,55.75234985,85.52674103
2020-01-06,122.0251236,3246.280029,158.596817,299.0901489,47.29999924,33.48275757,331.7660828,117.1317215,55.86091232,85.97483826
2020-01-07,121.2696075,3237.179932,157.1507721,297.6835327,48.24000168,33.67036438,335.2851563,116.046524,55.60430908,85.49687195
2020-01-08,121.7865372,3253.050049,159.6539154,302.4721375,49.04000092,33.48275757,329.4100952,115.6482849,55.92999649,85.84539032
2020-01-09,123.1186218,3274.699951,161.648468,308.8969116,49.59999847,33.63087082,334.350708,116.8430023,55.99000168,86.07442474
2020-01-10,123.237915,3265.350098,160.9005127,309.5952148,50.90000153,33.84809494,327.968689,115.8673096,55.88000107,84.99898529
2020-01-13,124.14254,3288.129883,162.8352356,316.2095337,52.09000015,33.59137344,328.2669067,115.3695145,56.02999878,84.76000214
2020-01-14,123.9536667,3283.149902,161.6883698,311.9396667,52.00999832,34.04557419,330.3843079,115.6681976,55.77000046,85.73999786
2020-01-15,125.2161636,3289.290039,162.7355042,310.6028442,51.54000092,33.85797119,327.8493958,114.7721634,56.20000076,87.37999725
2020-01-16,125.3255157,3316.810059,165.7173615,314.4935913,51.79000092,33.56175232,330.036377,115.3894348,56.70000076,88.27999878
2020-01-17,125.6635132,3329.620117,166.6448364,317.9753723,51.08000183,33.1865387,322.2328186,114.4535675,56.74000168,89
2020-01-21,125.3453903,3320.790039,166.046463,315.8204651,48.84000015,32.92981339,311.516571,115.0807953,56.52999878,89.73000336
2020-01-22,125.5640945,3321.75,165.248642,316.9478149,48.68000031,32.68296051,307.1724243,115.5885468,56.41999817,91.86000061
2020-01-23,124.9899979,3325.540039,166.2658691,318.4741821,48.41999817,32.32749939,315.9104309,115.2998276,56.5,90.73000336
2020-01-24,125.1399994,3295.469971,164.5904388,317.5563354,47.18000031,31.93253899,321.1393127,113.8661728,56.45999908,90.40000153
2020-01-27,125.6900024,3243.629883,161.8379517,308.2185059,44.74000168,31.0537529,314.727478,115.3496094,56.08000183,89.58999634
2020-01-28,126.0299988,3276.23999,165.0093079,316.9378052,45.09999847,31.1722393,314.6877136,116.0863419,56.38999939,89.54000092
2020-01-29,125.0599976,3273.399902,167.5822601,323.572052,45.59999847,31.03400421,320.115387,115.3794708,56.04000092,89.13999939
2020-01-30,125.9499969,3283.659912,172.3093567,323.1031799,44.93000031,31.1722393,321.3878174,116.0664368,55.91999817,89.16000366
2020-01-31,124.6200027,3225.52002,169.7662964,308.7771912,44.33000183,30.20458794,316.3875732,113.9856415,55.25999832,87.13999939
2020-02-03,125.1100006,3248.919922,173.9049988,307.9291992,44.77999878,29.7306366,314.131012,113.7666092,54.99000168,87.05999756
2020-02-04,125.6600037,3297.590088,179.629364,318.0950623,46.50999832,29.65164375,316.0595398,114.7621994,56.04000092,88.23000336
2020-02-05,126.8099976,3334.689941,179.4099579,320.6889343,46.70000076,30.39219475,327.6008606,116.2954178,56.59999847,89.55999756
2020-02-06,127.1399994,3345.780029,183.1298065,324.4400024,46.34999847,29.31592751,339.410614,115.7976227,56.93000031,89.47000122
2020-02-07,126.0800018,3327.709961,183.3890991,320.0299988,45.45999908,28.73336029,334.7583008,115.9370041,56.97999954,87.87000275
2020-02-10,126.1699982,3352.090088,188.1859894,321.5499878,45.08000183,28.98021126,342.6314697,114.7422943,56.77999878,88.30000305
2020-02-11,124.1600037,3357.75,183.9376068,319.6099854,46.58000183,29.03945541,342.3829346,114.8916321,56.91999817,89.16999817
2020-02-12,123.4499969,3379.449951,184.2068634,327.2000122,47.06999969,29.17769051,345.3950195,115.3396454,56.84000015,88.79000092
2020-02-13,124.9599991,3373.939941,183.2095947,324.8699951,47.04999924,29.13819504,342.8200073,116.9226456,56.52000046,88.68000031
2020-02-14,126.1399994,3380.159912,184.8451233,324.9500122,46.22000122,29.40479469,340.4899902,117.3706665,56.81999969,89.66000366
2020-02-18,124.8700027,3370.290039,186.7200012,319,45,29.62202072,338.8800049,119.1029968,56.81999969,88.87999725
2020-02-19,125.4400024,3386.149902,187.2799988,323.6199951,45.31000137,30.09597397,338.2999878,117.1615906,57.11999893,89.36000061
2020-02-20,126.5800018,3373.22998,184.4199982,320.2999878,44.45000076,30.07622528,336.2799988,117.1715469,57.25999832,88.45999908
2020-02-21,126.6999969,3337.75,178.5899963,313.0499878,42.18000031,30.00710678,330.3800049,118.0576248,57.31000137,87.44999695
2020-02-24,123.3000031,3225.889893,170.8899994,298.1799927,40.06999969,29.00983238,317.8999939,115.807579,56.24000168,84.62999725
2020-02-25,121.4300003,3128.209961,168.0700073,288.0799866,37.38999939,28.75310898,304.1400146,113.8860779,55.22000122,81.12999725
2020-02-26,120.1600037,3116.389893,170.1699982,292.6499939,34.91999817,28.08167648,305.5899963,113.2787704,54.95999908,81.36000061
2020-02-27,113.5,2978.76001,158.1799927,273.519989,35.45000076,27.29175568,287.7600098,109.9136581,52,79.19000244
2020-02-28,113.2300034,2954.219971,162.0099945,273.3599854,34.25,27.25226021,275.1099854,107.2056427,51.61000061,77.02999878
2020-03-02,119.5599976,3090.22998,172.7899933,298.8099976,34.56999969,27.35099983,289.269989,115.3695145,52.20000076,81.61000061
2020-03-03,118.1699982,3003.370117,164.5099945,289.3200073,34.93999863,26.37000084,280.6199951,112.4126053,50.77000046,77.98999786
2020-03-04,124.5,3130.120117,170.5500031,302.7399902,35.06999969,26.70999908,283.1199951,116.2555923,51.25,82.08999634
2020-03-05,121.6299973,3023.939941,166.2700043,292.9200134,32.15999985,25.96999931,260.3699951,115.4093399,50.11999893,80.51999664
2020-03-06,121.6600037,2972.370117,161.5700073,289.0299988,33.15999985,25.04000092,262.3299866,116.7135773,48.77999878,81.73999786
2020-03-09,116.0599976,2746.560059,150.6199951,266.1700134,30.30999947,20.21999931,227.1699982,116.6438828,41.99000168,77.01999664
2020-03-10,120.5500031,2882.22998,160.9199982,285.3399963,31.21999931,20.20999908,231.0099945,119.2622986,43.84999847,80.87999725
2020-03-11,111.5899963,2741.379883,153.6300049,275.4299927,27.39999962,18.87999916,189.0800018,113.9259033,42.11999893,78.08999634
2020-03-12,101.8399963,2480.639893,139.0599976,248.2299957,24.89999962,14.82999992,154.8399963,103.5916367,37.40999985,74.73999786
2020-03-13,114.0699997,2711.02002,158.8300018,277.9700012,25.37000084,16.23999977,170.1999969,113.5973587,43.41999817,81.65000153
2020-03-16,108.5,2386.129883,135.4199982,242.2100067,18.22999954,13.52999973,129.6100006,106.2896957,39.25,73.66000366
2020-03-17,118.2399979,2529.189941,146.5700073,252.8600006,16.09000015,12.59000015,124.1399994,118.7346344,40.56000137,79.48999786
2020-03-18,117.4499969,2398.100098,140.3999939,246.6699982,12.89999962,10.44999981,101.8899994,122.0400085,37.93999863,79.26000214
2020-03-19,110.8300018,2409.389893,142.7100067,244.7799988,12.14999962,10.71000004,97.70999908,119.4499969,37.43000031,74.5
2020-03-20,102.4300003,2304.919922,137.3500061,229.2400055,12.40999985,11.09000015,95.01000214,113.9700012,36.90999985,68
2020-03-23,97.69999695,2237.399902,135.9799957,224.3699951,12.69999981,10.60999966,105.6200027,114.2799988,33.83000183,62.81999969
2020-03-24,103.2699966,2447.330078,148.3399963,246.8800049,15.10999966,11.98999977,127.6800003,115.0299988,38.65999985,69.69000244
2020-03-25,100.9199982,2475.560059,146.9199982,245.5200043,17.51000023,13.44999981,158.7299957,109.4000015,41.40999985,70.75
2020-03-26,107.3799973,2630.070068,156.1100006,258.4400024,17.90999985,12.77999973,180.5500031,109.8199997,42.84999847,75.80999756
2020-03-27,110.1699982,2541.469971,149.6999969,247.7400055,16.75,11.72999954,162,109.5800018,40.5,74.55999756
